"CategoryID","Label","Price"
"1","یک تخته","1000"
"2","دو تخته","1500"
"3","خانواده","2000"
"4","سوئیت","3000"
"ID","Name","Family","RoomID","Phone","City"
"0123456789","سید امیر پارسا","نصیری","0","09362967921","تهران"
"0123456790","محمد","رضایی","0","09121234566","همدان"
"0123456791","امیر احمد","کریمی","0","09121234565","تبریز"
"0123456793","ترانه","سروری","0","09382567894","ساری"
"0123456794","اسماعیل","سعیدی","0","09397896461","اصفهان"
"0123456795","شهرزاد","خدادوست","0","09127834215","یزد"
"0123456796","هدی","حسینی","0","09361297692","تهران"
"0123456797","سپهر","عطایی","0","09912257836","اصفهان"
"0123456798","سپیده","اشرفی","0","09922247621","تهران"
"0123456799","شیوا","رمضانی","0","09125876690","چالوس"
"0123456800","اسحاق","اسفندیار","0","09128371213","تهران"
"0123456801","محمدرضا","فرقانی","0","09148500769","سراب"
"0123456802","سیاوش","ناصری","0","09217452601","مهران"
"0123456803","فاطمه","اسدی","40","09037942827","اراک"
"0123456804","مهران","محمدی نژاد","90","09121020365","کازرون"
"ReserveID","GuestID","RoomNo","DateIn","DateOut"
"RoomID","RoomType","RoomPhone","RoomStatus"
"10","2","42501","خالی"
"20","2","42502","خالی"
"30","1","42503","خالی"
"40","1","42504","پر"
"50","3","42505","پر"
"60","3","42506","پر"
"80","3","42508","خالی"
"90","4","42509","پر"
"100","4","42510","خالی"
"110","1","42511","خالی"
"id","username","password"
"1","Admin","admin"
